plast,plastico,plastica => plast
prot,protetor => prot
recar,recarga,recarregavel => recar
resfr,resfriada,resf,resfriado => resfr
shamp,xampoo,shampoo,xampu,xampo,sh => shamp
susp,suspencao,suspensao,suspenso,suspensa => susp
tp,tetrapac,tetrapack,tetra,tetrapak => tp
tint,tinta,coloracao,tintura => tint
trat,tratamento,tratam => trat
umid,umedecidos,umidecida,umidecidas,umedecido,umidecidos,umedecidas,umedecida,umidecido,umed => umid
unid,unidades,unidade,un,und => unid
fat,fatiados,fatiada,fatiado,fatiadas => fat
waffer,wafer,wafle,waffle => waffer
quimico,fermentado,fermento,fermentada,ferm,fer,quim => quimico
temp,temperada,temperado => temp
vel,velocidade,velocidades,veloc => vel
vd,vidros,vidro => vd
picles,pickles => picles
lasanheira,assadeira,lazanheira => lasanheira
lasanha,lazanha => lasanha
cadeira,poltrona => cadeira
banco,banqueta => banco
gen,generica,generico => gen
monovarietal,picual,hojiblanca,arbequina,verdial => monovarietal
lambrusco,fris,lamb,frizante,frisante => lambrusco
zip,iqf => zip
morango,mor,moran => morango
banana,ban => banana
baunilha,baun,vanila,vanilla => baunilha
bandeja,band,bnd,bandeija => bandeja
caramelo,caramelisada,caramelisado,caram,caramelizado,caramelizada => caramelo
cp,copo => cp
chocottone,bauducco,bauduco => chocottone
linguica,ling => linguica
det,detergente,lava,deterg => det
cerveja,cer,cerv => cerveja
farinha,far => farinha
frango,galinha => frango
chocotone,chocolate,choc,choco,panetonne,gotas,chocol,panettone,panetone => chocotone
micro,microondas => micro
capa,contrafile,loin,chorizo,strip => capa
peca,pc => peca
corei3,i3,l3 => corei3
sony,vaio => sony
cachorros,perros,perro,cachorro,cachorrinho => cachorros
refratario,refrataria => refratario
cabelo,cab,capilar,sampoo => cabelo
eletr,eletrica,eletrico,eletronico,eletronica => eletr
desossado,sem => desossado
queijo,qjo,qj => queijo
preto,black,preta => preto
color,cores,colorido => color
cinza,gray => cinza
alvejante,alvej => alvejante
corp,body,corpo,corporal => corp
nhoque,inhoque,gnocco,gnocchi,gnochi => nhoque
batom,baton => batom
berco,bercinho => berco
bicho,bichinhos,bichos,bichinho => bicho
peq,pequenas,pequeno,pequena,pequenos => peq
med,medios,medias,media,medio => med
grande,grandes => grande
premium,premiun,premmiun,premmium => premium
picape,pickup,pick => picape
bisnaga,bisnaguinha => bisnaga
ricota,ricotta => ricota
bolonhesa,bolognese,bolonheza => bolonhesa
mendorato,mendoratto => mendorato
caribenha,caribenho => caribenha
mix,mistura => mix
tomate,pomodoro => tomate
vingadores,avengers => vingadores
ovo,ovos => ovo
berinjela,beringela => berinjela
mascara,mascr => mascara
cogumelo,champignon => cogumelo
rio,carioca => rio
descascado,casca => descascado
semola,semolado,semolina => semola
tinto,malbec,merlot,tempranillo,syrah,shiraz,sangiovese,barbera,cabernet,noir => tinto
abobora cabotia,abobora japonesa => abobora cabotia
emental,ementhal,emmenthal,emmental => emental
tigela,bowl,tijela,cumbuca => tigela
decopom,dekopon => decopom
processador,multiprocessador => processador
yacon,diet,yakon => yacon
rosa,asterix,rosada,roxa => rosa
cappuccino,cappucino,capuccino,capucino => cappuccino
vegetais,vegetal => vegetais
pants,vest,veste,roupinha => pants
neston,cereais,cereal => neston
baraka,suja => baraka
baroa,mandioquinha,salsa => baroa
benji,bintje => benji
lacfree,freelac,nolac,lactose => lacfree
assada,assado => assada
amarylis,amarilis => amarylis
economica,economico => economica
rondeli,rondele,rondelle,rondelli => rondeli
aranha,spider,spiderman => aranha
paw,patrulha => paw
control,canina => control
inline,line => inline
skatenete,skatenet => skatenete
cuzcuz,couzcouz,cuscuz,couscous => cuzcuz
espeto,espetinho => espeto
pinico,piniquinho,peniquinho,penico => pinico
ouro,gold => ouro
prata,silver => prata
cabotia,tetsukabuto,japonesa => cabotia
abobrinha,italiana => abobrinha
especial,simples,fofo,especiais,delicia,paozinho => especial
frances,carequinha,cacetinho => frances
enrolado,enroladinho => enrolado
recheado,recheadinho => recheado
focaccia,fougasse,fogaza,fogazza,focacia,ficcacia => focaccia
caseiro,caseira,caseirinho => caseiro
manteiga,manteiguinha => manteiga
mineiro,mineirinho => mineiro
multigraos,multigrano => multigraos
graos,grano => graos
conhaque,brandy,cognac,brande => conhaque
portugues,portugal,por => portugues
natalina,comemorativa => natalina
rosto,face => rosto
hastes,corrugado,flexiveis,flexivel,cotonetes,coto,flex,bastonete,haste,corrugada,cotonete,bas,bast,bastonetes,has => hastes
coxinha,drummett,drumett,dru,cox,drummet,drumet,cochinha => coxinha
conj,cj,conjunto => conj
potes,pote,pt => potes
mantimentos,mant,mantimento => mantimentos
condimentos,condimento,condim => condimentos
modelo,mod => modelo
inf,info,infantis,kids,informado,infantil,informada => inf
n,nao => n
cachaca,pinga,ardente,aguardente => cachaca
semp,tos,toshiba,sti,tcl => semp
eletroduto,conduite => eletroduto
cano,tubo => cano
desod,desodorisante,higienizador,desodorante,antitranspirante,desodorisador,aromatisador,arom,odorizador,odorisador,desodorizante,antitransp,purificador,purific,antit,desodorizador,purif,aromatizador,higienisador => desod
goma,chiclet,chiclette,chiclettes,mascar,chiclete,chicles,chicle => goma
salton,chalise => salton
pack,pak,pac => pack
brick,bric,brik => brick
frag,fragrancia,fagrancia,fragancia,fagancia,fagancias,fagrancias,fragancias,fragrancias => frag
bisteca,chuleta,carre => bisteca
filezinho,filesinho,sassami => filezinho
charque,jerked,sol,seca => charque
demolhado,demolhada,dessalgada,dessalgado,desalgado,desalgada => demolhado
meio,tulipa => meio
fraldinha,vazio => fraldinha
coracao,miolo => coracao
kit,est,estj,estojo => kit
macarrao,espaguete,pene,espagueti,macarao,penna,penne,spaghete,spaghette,spaguete,spaghetti,pena,massa,espaguette => macarrao
tangerina,ponkan,mexerica,clementina,bergamota,vergamota => tangerina
liq,liquida,liquido => liq
int,intima,interna,inteiro,inteira,interno,intimo => int
abs,absorvente,absorv => abs
chaleira,jarra => chaleira
toalha,toalhinhas,toalhinha,toalhas,lenco,lencos => toalha
sache,doypack,pouch,almofada,bag,standpack,sachet,refil,doy,stand => sache
misto,mista,composta,composto => misto
salada,longa,uht,saladete => salada
uva,grape => uva
onetouch,ot,one => onetouch
bucho,mondongo,dobradinha => bucho
rabo,rabada => rabo
peito,granito,minga,ponta => peito
mocoto,pe,pata => mocoto
stival,stivali => stival
br,branco,bra,branca,white,chardonnay,blanc,riesling,grigio,polido,verdejo,torrontes,monaliza,agata,inglesa,monalisa,nacional,lavada,escovada,whi,chenin => br
entreco,ancho,entrecote,entrecot,noix => entreco
lagarto,tatu,posta,postas,largato => lagarto
pulmao,bofe => pulmao
alasca,polaca => alasca
trigo,weisse,witbier,weiss,weis => trigo
colomba,pascoal,bolo,pascal,pascoa => colomba
saque,sake => saque
inx,inox,inoxidavel => inx
ketchup,cat,kat,katchup,ket,catchup => ketchup
game,games,jogos,jg,jogo => game
chapinha,pran,cha,prancha,coxao => chapinha
umbigo,bah,baiana,baia,bai,umb,bahia => umbigo
revestimento,azuleijo,azul,azulejo,ver,revest,ciano => revestimento
salsicha,sals,vie,viena,vina,salchicha => salsicha
presunto,pres,jamon,jam => presunto
bolonha,bol,bolognella,bologna,bolognela => bolonha
sambiqueira,samb,sambiquira,sambiquera,sam => sambiqueira
vodka,vod,vodca => vodka
pineapple,abacaxi,pin,pineaple,aba => pineapple
ravioli,raviolle,raviole,rav,raviolli => ravioli
ravioloni,raviolonne,raviollonne,raviollone,raviollonni,raviolloni,raviolonni,raviolone,ravio => ravioloni
vacuo,cry,vac,cryovac => vacuo
suino,sui,suina,porco => suino
bovino,bov,bovina => bovino
strogonoff,strogonoffe,estrogonofe,istrogonof,estrog,strogonofe,istrogonofe,strog,estrogonoffe,istrog => strogonoff
tahiti,tai,taiti,tah => tahiti
aluminio,alum,vergalhao,pol,tablete,barra,polida,alu,aco,ferro => aluminio
mochilete,roda,rod,rodas,moc,rodinha,mochi => mochilete
mussarela,musarela,musarella,muc,mussarella,mucarella,mucarela,mus => mussarela
split,hiwal,hiwall => split
capeletti,capellete,capelletti,capelete,capel,capeleti,capellette,capelleti,capelette => capeletti
abobora,jerimun,moranga,jerimum,jer,abob => abobora
rum,ron,run => rum
torradeira,tostador => torradeira
sanitaria,sanit,higienico,hig,sanitario,higienica => sanitaria
mugunza,amar,ama,yellow,amarelo,amarela => mugunza
mandioca,aip,mand,aipim,aipin,macaxeira,macax => mandioca
acem,agulha,agu,acen => acem
baco,passarinho,pas,passarinha => baco
duro,fora,magenta,vermelho => duro
mole,dentro => mole
ossobuco,chamb,buco,chambaril => ossobuco
paleta,palette,pal,pallete,pa => paleta
grated,ralada,ralado,ral => grated
esfirra,esfilha,esfiha => esfirra
papaia,papaya,pap => papaia
morgote,murgote,murcot,murcote,murkot,morgot,murgot => morgote
willian,william,willians => willian
guaiuba,realito => guaiuba
tabua,mesa => tabua
bloco,blo,bastao => bloco
apar,suporte,aparelho,sup,ap => apar
maizena,maisena => maizena
natural,classic,orig,nat,original,trad,classico,tradicional => natural
leite,finger,lactea,supl,complemento,lac,complem,lacteo,formula,lei,compl => leite
antisseptico,antiseptica,enxaguante,antisep,antisseptica,antiseptico,antissep,enxaguatorio => antisseptico
automotivo,gta,auto,grand,automotiva,theft,autom => automotivo
beb,bebida,bebidas => beb
bloqueador,bloq => bloqueador
comprimido,caps,capsula,compr,cap,comprimidos,dragea,drageas => comprimido
condicionador,cond,condensado,condensada => condicionador
cong,congelada,congelado => cong
curat,curativos,curativo => curat
desc,descartaveis,descartavel => desc
deseng,desengordurante => deseng
eferv,efervescente,efervecente => eferv
fem,feminina,feminino => fem
gar,garrafa,neck,long => gar
bambona,bombona,galao => bambona
gat,gatilho => gat
hidr,hid,hidratacao,hidratante => hidr
lt,lata,sleek => lt
limp,limpador => limp
masc,masculina,masculino => masc
mult,multiuso => mult
nebul,nebulizador => nebul
org,organica,organico => org
pct,pacote => pct
perf,perfumada,perfumado => perf
carga,lamina => carga
tortilha,tortilla => tortilha
pasta,pastoso => pasta
brinquedo,brinquedos => brinquedo
biscoito,bolacha => biscoito
chao,piso => chao
thompson,thompsom,tompson,tompsom => thompson
cortes,sabores,tipos => cortes
princesa,princesas => princesa
extract,extrato => extract
yakisoba,yakissoba => yakisoba
instantaneo,inst => instantaneo
#name?,mais => #name?
cx,caixa => cx
vitamina,vita,vit => vitamina
pastilha,confeito,pastilhas,drops,bala => pastilha
comum,caipira => comum
petisco,bifinho,snacks,snack => petisco
preservativo,lubrificado => preservativo
creme,cremoso => creme
fettucine,fetucine,fettuccine => fettucine
fina,fininha => fina
queijo prato,queijo lanche => queijo prato
queijo gouda,queijo holandes => queijo gouda
1000g,1kg => 1000g
pilsener,pilsen => pilsener
coberto,cobertura => coberto
rosca,rosquinha => rosca
onion,cebola => onion
espaguetini,spaghetiini,spaguettini,sphaguettini => espaguetini
noite,noturno,noites => noite
comfort,confort => comfort
sport,sports => sport
toranja,grapefruit => toranja
mastigavel,mastigaveis => mastigavel
quibe,kibe => quibe
samanta,samantha => samanta
tempera,guache => tempera
chuchu,xuxu => chuchu
sextavado,hexagono,hexagonal => sextavado
senhora,sra => senhora
fishculture,fischer => fishculture
mancha,manchas => mancha
embrulhada,embalada => embrulhada
cookie,cookies => cookie
teriyaki,teryaki,teriaki => teriyaki
sucrilhos,kellogs => sucrilhos
conc,concentrada,concentrado => conc
planetaria,plan => planetaria
gratis,grt => gratis
oral,bucal => oral
nectar,suco => nectar
